CGPA_predicted,period
8.212500000000004,Feb 1970
7.424399999999999,Mar 1970
8.220700000000003,Apr 1970
7.860499999999991,May 1970
8.180000000000003,Jun 1970
7.012799999999998,Jul 1970
